Domain,TLD
nus.edu.sg,sg
google.com.sg,sg
ntu.edu.sg,sg
businesstimes.com.sg,sg
mas.gov.sg,sg
blogspot.sg,sg
tripadvisor.com.sg,sg
mothership.sg,sg
smu.edu.sg,sg
moh.gov.sg,sg
hardwarezone.com.sg,sg
amazon.sg,sg
ica.gov.sg,sg
a-star.edu.sg,sg
mom.gov.sg,sg
www.gov.sg,sg
ibtimes.sg,sg
nlb.gov.sg,sg
carousell.sg,sg
nparks.gov.sg,sg
mfa.gov.sg,sg
businessinsider.sg,sg
shopee.sg,sg
propertyguru.com.sg,sg
agc.gov.sg,sg
lazada.sg,sg
glassdoor.sg,sg
ebay.com.sg,sg
tnp.sg,sg
sutd.edu.sg,sg
iras.gov.sg,sg
asia1.com.sg,sg
moe.gov.sg,sg
eventbrite.sg,sg
gardensbythebay.com.sg,sg
nea.gov.sg,sg
zaobao.com.sg,sg
lta.gov.sg,sg
dbs.com.sg,sg
newport-residences-cdl.com.sg,sg
sbr.com.sg,sg
singstat.gov.sg,sg
qoo10.sg,sg
theindependent.sg,sg
fresher.com.sg,sg
edb.gov.sg,sg
moe.edu.sg,sg
imda.gov.sg,sg
nhb.gov.sg,sg
hdb.gov.sg,sg
seedly.sg,sg
jobstreet.com.sg,sg
singnet.com.sg,sg
temasek.com.sg,sg
iseas.edu.sg,sg
sentosa.com.sg,sg
monster.com.sg,sg
healthhub.sg,sg
enterprisesg.gov.sg,sg
fintechnews.sg,sg
ura.gov.sg,sg
stb.gov.sg,sg
mediaonemarketing.com.sg,sg
dollarsandsense.sg,sg
nie.edu.sg,sg
police.gov.sg,sg
singsaver.com.sg,sg
eatbook.sg,sg
iproperty.com.sg,sg
moneysmart.sg,sg
ceiexam.sg,sg
hsa.gov.sg,sg
bizexcellence.com.sg,sg
bca.gov.sg,sg
sephora.sg,sg
mindef.gov.sg,sg
customs.gov.sg,sg
hibrite.sg,sg
rsis.edu.sg,sg
lesliechan.com.sg,sg
m1.com.sg,sg
singaporepools.com.sg,sg
smiletutor.sg,sg
mediacorp.sg,sg
fairprice.com.sg,sg
uob.com.sg,sg
pacific.net.sg,sg
8days.sg,sg
vogue.sg,sg
sha.org.sg,sg
healthxchange.sg,sg
mti.gov.sg,sg
expedia.com.sg,sg
pub.gov.sg,sg
gms.sg,sg
tracetogether.gov.sg,sg
sp.edu.sg,sg
duke-nus.edu.sg,sg
pdpc.gov.sg,sg
sistic.com.sg,sg
acra.gov.sg,sg
airbnb.com.sg,sg
expatliving.sg,sg
cpf.gov.sg,sg
mpa.gov.sg,sg
foodpanda.sg,sg
harpersbazaar.com.sg,sg
smrt.com.sg,sg
csa.gov.sg,sg
3ecpa.com.sg,sg
data.gov.sg,sg
pmo.gov.sg,sg
edgeprop.sg,sg
twnside.org.sg,sg
mountelizabeth.com.sg,sg
msf.gov.sg,sg
iprice.sg,sg
cosl.com.sg,sg
valuechampion.sg,sg
madschool.edu.sg,sg
citibank.com.sg,sg
dailyvanity.sg,sg
mof.gov.sg,sg
hsbc.com.sg,sg
go.gov.sg,sg
tech.gov.sg,sg
sgquest.com.sg,sg
red-dot.sg,sg
philips.com.sg,sg
sfa.gov.sg,sg
skyscanner.com.sg,sg
zalora.sg,sg
np.edu.sg,sg
yale-nus.edu.sg,sg
nationalgallery.sg,sg
fujiplus.com.sg,sg
tp.edu.sg,sg
ipos.gov.sg,sg
singhealth.com.sg,sg
singaporegp.sg,sg
caas.gov.sg,sg
singaporewriters.org.sg,sg
mycareersfuture.gov.sg,sg
gic.com.sg,sg
espn.com.sg,sg
mlaw.gov.sg,sg
abprx.com.sg,sg
fintechfestival.sg,sg
foodadvisor.com.sg,sg
opentable.sg,sg
nyp.edu.sg,sg
wrs.com.sg,sg
plantsg.com.sg,sg
starliving.com.sg,sg
tbyb.sg,sg
eatveg.sg,sg
hpb.gov.sg,sg
mdis.edu.sg,sg
zoo.com.sg,sg
sony.com.sg,sg
sph.com.sg,sg
watsons.com.sg,sg
toggle.sg,sg
fortytwo.sg,sg
mewatch.sg,sg
epson.com.sg,sg
homeanddecor.com.sg,sg
maybank2u.com.sg,sg
mha.gov.sg,sg
rp.edu.sg,sg
zula.sg,sg
sgh.com.sg,sg
carion.com.sg,sg
science.edu.sg,sg
colossaltech.com.sg,sg
sportshub.com.sg,sg
thepeakmagazine.com.sg,sg
form.gov.sg,sg
sim.edu.sg,sg
courts.com.sg,sg
holi.com.sg,sg
ida.gov.sg,sg
nuh.com.sg,sg
singaporetech.edu.sg,sg
deliveroo.com.sg,sg
smartnation.gov.sg,sg
suss.edu.sg,sg
prudential.com.sg,sg
nationalmuseum.sg,sg
xtris.com.sg,sg
nus.sg,sg
lasalle.edu.sg,sg
sbg.org.sg,sg
aomss.org.sg,sg
coldstorage.com.sg,sg
busads.com.sg,sg
guardian.com.sg,sg
walkersolutions.com.sg,sg
ite.edu.sg,sg
gumtree.sg,sg
giving.sg,sg
rmaconsultants.com.sg,sg
sbstransit.com.sg,sg
yellowpages.com.sg,sg
income.com.sg,sg
abs.org.sg,sg
posb.com.sg,sg
parliament.gov.sg,sg
scdf.gov.sg,sg
colourise.sg,sg
nas.gov.sg,sg
womensweekly.com.sg,sg
nrf.gov.sg,sg
ieatishootipost.sg,sg
kaplan.com.sg,sg
threebestrated.sg,sg
shkoh.com.sg,sg
showcase.sg,sg
dea.sg,sg
jobscentral.com.sg,sg
ema.gov.sg,sg
singpass.gov.sg,sg
mcdonalds.com.sg,sg
theterrahill.com.sg,sg
singaporeartmuseum.sg,sg
limsengkok.com.sg,sg
mnd.gov.sg,sg
per.sg,sg
garena.sg,sg
finestservices.com.sg,sg
www.sg,sg
sma.org.sg,sg
metto.com.sg,sg
stomp.com.sg,sg
singaporelawwatch.sg,sg
srx.com.sg,sg
transitlink.com.sg,sg
tal.sg,sg
starbucks.com.sg,sg
furnituremart.sg,sg
atlantissgroup.com.sg,sg
ywsa.com.sg,sg
roots.gov.sg,sg
10steps.sg,sg
jcu.edu.sg,sg
f31.sg,sg
sbo.sg,sg
cma-academy.edu.sg,sg
giant.sg,sg
apecsec.org.sg,sg
avenueone.sg,sg
safra.sg,sg
biggo.sg,sg
vinstar.com.sg,sg
ezlink.com.sg,sg
weather.gov.sg,sg
harveynorman.com.sg,sg
psb-academy.edu.sg,sg
gobusiness.gov.sg,sg
nac.gov.sg,sg
homage.sg,sg
jtc.gov.sg,sg
easyfind.sg,sg
jic.sg,sg
spgroup.com.sg,sg
nightsafari.com.sg,sg
ticketmaster.sg,sg
sla.gov.sg,sg
youthopia.sg,sg
thenews.sg,sg
aia.com.sg,sg
tresses.com.sg,sg
shopback.sg,sg
kkh.com.sg,sg
gv.com.sg,sg
ava.gov.sg,sg
acm.org.sg,sg
pa.gov.sg,sg
spring.gov.sg,sg
muis.gov.sg,sg
queenscoffee.com.sg,sg
seti.sg,sg
ntuc.org.sg,sg
carpediembjj.sg,sg
cinemaonline.sg,sg
megafurniture.sg,sg
mot.gov.sg,sg
straitstimes.com.sg,sg
greatdeals.com.sg,sg
companies.sg,sg
aclass.com.sg,sg
siac.org.sg,sg
sgdivorcelawyer.sg,sg
beautyinsider.sg,sg
judiciary.gov.sg,sg
annals.edu.sg,sg
ywlc.org.sg,sg
aware.org.sg,sg
skillsfuture.sg,sg
ncss.gov.sg,sg
freelancer.sg,sg
nl.sg,sg
tutorcity.sg,sg
huifok.sg,sg
starpoint.com.sg,sg
jll.com.sg,sg
short.sg,sg
decathlon.sg,sg
lentor-hill-residences.sg,sg
srmc.edu.sg,sg
rtcompliance.sg,sg
coachingspace.sg,sg
onemotoring.com.sg,sg
simge.edu.sg,sg
nafa.edu.sg,sg
qvcredit.sg,sg
axa.com.sg,sg
moneysense.gov.sg,sg
motorist.sg,sg
sbf.org.sg,sg
wspc.com.sg,sg
mci.gov.sg,sg
nylon.com.sg,sg
singaporebudget.gov.sg,sg
supremecourt.gov.sg,sg
buro247.sg,sg
desertcart.sg,sg
omy.sg,sg
beritaharian.sg,sg
thinkchina.sg,sg
beyond.org.sg,sg
fastjobs.sg,sg
gleneagles.com.sg,sg
healthprofessionals.gov.sg,sg
ecitizen.gov.sg,sg
ssg-wsg.gov.sg,sg
infox.sg,sg
floristique.sg,sg
fas.org.sg,sg
ttsh.com.sg,sg
ecda.gov.sg,sg
seab.gov.sg,sg
ezbuy.sg,sg
sportsingapore.gov.sg,sg
philippine-embassy.org.sg,sg
isca.org.sg,sg
uwcsea.edu.sg,sg
skillsfuture.gov.sg,sg
sso.org.sg,sg
fulcrum.sg,sg
budgetdirect.com.sg,sg
underarmour.com.sg,sg
yelp.com.sg,sg
jumboseafood.com.sg,sg
cdl.com.sg,sg
commercialguru.com.sg,sg
lender.sg,sg
asti.com.sg,sg
garmin.com.sg,sg
herabeauty.sg,sg
greenplan.gov.sg,sg
locanto.sg,sg
poems.com.sg,sg
webstergy.com.sg,sg
sais.edu.sg,sg
intel.sg,sg
birdpark.com.sg,sg
vivocity.com.sg,sg
bizfile.gov.sg,sg
sal.org.sg,sg
nccs.gov.sg,sg
britishcouncil.sg,sg
imh.com.sg,sg
efinancialcareers.sg,sg
royalsuites.com.sg,sg
bestwatch.sg,sg
smartnation.sg,sg
earthobservatory.sg,sg
atome.sg,sg
pavillioncreation.com.sg,sg
foodline.sg,sg
breakfixnow.com.sg,sg
99designs.com.sg,sg
elle.com.sg,sg
randstad.com.sg,sg
squarefoot.com.sg,sg
onemap.gov.sg,sg
sgdi.gov.sg,sg
speedpost.com.sg,sg
nets.com.sg,sg
shell.com.sg,sg
mrproperty.sg,sg
carbuyer.com.sg,sg
shopify.com.sg,sg
ssg.gov.sg,sg
tiongaikattc.com.sg,sg
mindset.com.sg,sg
youngscholars.com.sg,sg
oeconsulting.com.sg,sg
jobsite.com.sg,sg
sas.edu.sg,sg
carro.sg,sg
popular.com.sg,sg
turfclub.com.sg,sg
ifaq.gov.sg,sg
aipec.com.sg,sg
aic.sg,sg
fnp.sg,sg
houzz.com.sg,sg
sgpc.gov.sg,sg
sif.org.sg,sg
mothercare.com.sg,sg
lawsociety.org.sg,sg
onemap.sg,sg
wanbao.com.sg,sg
visa.com.sg,sg
lsbf.edu.sg,sg
mda.gov.sg,sg
3m.com.sg,sg
familiesforlife.sg,sg
mustafa.com.sg,sg
oom.com.sg,sg
michaelpage.com.sg,sg
lingkl.com.sg,sg
tigerbrokers.com.sg,sg
cis.edu.sg,sg
iesingapore.gov.sg,sg
morebetter.sg,sg
siww.com.sg,sg
cea.gov.sg,sg
propertysales.sg,sg
stproperty.sg,sg
comfortsupplier.com.sg,sg
funeralservicessingapore.com.sg,sg
118credit.sg,sg
hlas.com.sg,sg
atlasbar.sg,sg
kindness.sg,sg
moneyfm893.sg,sg
canon.com.sg,sg
koreanworld.sg,sg
csc.gov.sg,sg
loancfi.com.sg,sg
rtspl.com.sg,sg
dyson.com.sg,sg
reach.gov.sg,sg
netmaid.com.sg,sg
thesingaporetouristpass.com.sg,sg
choicefurniture.com.sg,sg
liv-atmb.com.sg,sg
exabytes.sg,sg
kfc.com.sg,sg
onepearlbankcondo.com.sg,sg
technowaterjet.com.sg,sg
isa.edu.sg,sg
littleflowerhut.com.sg,sg
wall.sg,sg
redcross.sg,sg
wsg.gov.sg,sg
wwf.sg,sg
kyb.com.sg,sg
stemacademy.sg,sg
nuhs.edu.sg,sg
fifthavenue.com.sg,sg
fragrancegroup-urbantreasures.sg,sg
n51.com.sg,sg
foundit.sg,sg
renonation.sg,sg
menshealth.com.sg,sg
homy.sg,sg
theblossomsbythepark.com.sg,sg
smj.org.sg,sg
payroll.com.sg,sg
ktph.com.sg,sg
salary.sg,sg
dlink.com.sg,sg
nhg.com.sg,sg
dominos.com.sg,sg
shaw.sg,sg
exporters.sg,sg
parkwayeast.com.sg,sg
cwp.sg,sg
gowhere.gov.sg,sg
adidas.com.sg,sg
digitrio.com.sg,sg
femalemag.com.sg,sg
assignmenthelp.com.sg,sg
gothere.sg,sg
sunteccity.com.sg,sg
spf.gov.sg,sg
about.sg,sg
oi.edu.sg,sg
pips.com.sg,sg
tuugo.sg,sg
curtin.edu.sg,sg
apol.sg,sg
bestdenki.com.sg,sg
cgh.com.sg,sg
robbreport.com.sg,sg
fareast.com.sg,sg
myskillsfuture.gov.sg,sg
chinaembassy.org.sg,sg
torque.com.sg,sg
firstpagedigital.sg,sg
suitecapital.com.sg,sg
e2i.com.sg,sg
firstcom.com.sg,sg
amazon.com.sg,sg
box.com.sg,sg
thewriteconnection.com.sg,sg
buddhatoothrelictemple.org.sg,sg
cape-royale-sentosa.sg,sg
shout.sg,sg
cimb.com.sg,sg
roberthalf.com.sg,sg
sos.org.sg,sg
indesignlive.sg,sg
furnituresg.com.sg,sg
eezee.sg,sg
sakaesushi.com.sg,sg
theperfectten.sg,sg
tdameritrade.com.sg,sg
toysrus.com.sg,sg
dimensions.edu.sg,sg
vistar.com.sg,sg
coreconcepts.com.sg,sg
psd.gov.sg,sg
nccs.com.sg,sg
case.org.sg,sg
fwd.com.sg,sg
theprojector.sg,sg
snec.com.sg,sg
singapore2010.sg,sg
weekender.com.sg,sg
mistermobile.com.sg,sg
level33.com.sg,sg
brightsparks.com.sg,sg
shengsiong.com.sg,sg
istana.gov.sg,sg
sozoclinic.sg,sg
chijmes.com.sg,sg
burntends.com.sg,sg
sats.com.sg,sg
ns.sg,sg
bookmytable.sg,sg
peklynteo.com.sg,sg
ultracheminc.sg,sg
tangramsolutions.sg,sg
ohl.com.sg,sg
scamalert.sg,sg
eps2008.com.sg,sg
kingliving.com.sg,sg
procar.sg,sg
spigen.com.sg,sg
family.sg,sg
the-avenir-condo.com.sg,sg
thelentormodern.sg,sg
aviva.com.sg,sg
awebstar.com.sg,sg
btrts.org.sg,sg
careerjet.sg,sg
businessgrants.gov.sg,sg
weiqi.org.sg,sg
binance.sg,sg
bosch-home.com.sg,sg
redsports.sg,sg
chinatown.sg,sg
swensens.com.sg,sg
vaccine.gov.sg,sg
embassy.sg,sg
grant.com.sg,sg
stashaway.sg,sg
computerworld.com.sg,sg
tidy.com.sg,sg
touch.org.sg,sg
activehealth.sg,sg
business.gov.sg,sg
startupsg.gov.sg,sg
thefinance.sg,sg
takashimaya.com.sg,sg
amoresidencescondo.com.sg,sg
thaiembassy.sg,sg
avantconsulting.sg,sg
goldenagri.com.sg,sg
asiabuilders.com.sg,sg
dintaifung.com.sg,sg
contactsingapore.sg,sg
kiehls.com.sg,sg
mccy.gov.sg,sg
singaporecancersociety.org.sg,sg
lia.org.sg,sg
aas.com.sg,sg
moneydigest.sg,sg
nirvanamemorialcolumbarium.sg,sg
comodempsey.sg,sg
axs.com.sg,sg
foodbank.sg,sg
nipponpaint.com.sg,sg
singpost.com.sg,sg
therivierecondo.sg,sg
sifa.sg,sg
thewell.sg,sg
sccci.org.sg,sg
theperfect-ten.sg,sg
lookfantastic.com.sg,sg
edgeworks.com.sg,sg
isetan.com.sg,sg
impossible.sg,sg
myrepublic.com.sg,sg
hhhmarine.com.sg,sg
roots.sg,sg
hiapheng.com.sg,sg
euyansang.com.sg,sg
sweelee.com.sg,sg
homify.sg,sg
vesa.sg,sg
cnb.gov.sg,sg
digitalsenior.sg,sg
str.sg,sg
tts.edu.sg,sg
hotfrog.sg,sg
hometeamns.sg,sg
elitigation.sg,sg
mewr.gov.sg,sg
sgnic.sg,sg
duplex.sg,sg
easitech.sg,sg
secretlab.sg,sg
human.com.sg,sg
unisim.edu.sg,sg
umonics.sg,sg
redbus.sg,sg
shape.com.sg,sg
resetyourlife.sg,sg
musicaltouch.sg,sg
horme.com.sg,sg
stjobs.sg,sg
challenger.sg,sg
burgerking.com.sg,sg
ads.sg,sg
ciarb.org.sg,sg
lighting-technologies.com.sg,sg
youtube.com.sg,sg
photobooth.sg,sg
delivery.com.sg,sg
kca.sg,sg
clc.gov.sg,sg
wallpaper.sg,sg
aquaholic.com.sg,sg
employment.com.sg,sg
carltonhotel.sg,sg
lesamis.com.sg,sg
wearesocial.sg,sg
singaporeexpo.com.sg,sg
myskillsfuture.sg,sg
theparknova.com.sg,sg
hometrust.sg,sg
angelface.com.sg,sg
robinsons.com.sg,sg
pizzahut.com.sg,sg
wlp.com.sg,sg
penciltutor.edu.sg,sg
seogeek.sg,sg
hot.com.sg,sg
pacificlight.com.sg,sg
canninghillpierscondo.com.sg,sg
knowlesti.sg,sg
mapletree.com.sg,sg
coworkingspace.com.sg,sg
kimspl.com.sg,sg
ais.com.sg,sg
cityofgood.sg,sg
onepa.gov.sg,sg
hci.edu.sg,sg
hyllonholland-official.sg,sg
channel8news.sg,sg
dsta.gov.sg,sg
dynamicmarketing.sg,sg
homerenoguru.sg,sg
aig.sg,sg
dpa.com.sg,sg
spca.org.sg,sg
allmeans.sg,sg
esingaporeproperty.sg,sg
careers.gov.sg,sg
twc2.org.sg,sg
aristou.com.sg,sg
worldcitiessummit.com.sg,sg
wonderwall.sg,sg
daneng.com.sg,sg
suncable.sg,sg
bakery.com.sg,sg
changi.com.sg,sg
pixart.com.sg,sg
msig.com.sg,sg
nedigital.sg,sg
stylemart.sg,sg
fitnessfirst.com.sg,sg
nestle.com.sg,sg
officesolutions.com.sg,sg
kindermusikwithlovestudios.com.sg,sg
pap.org.sg,sg
myheart.org.sg,sg
quandoo.sg,sg
styledegree.sg,sg
epicworkshops.com.sg,sg
knowledge-pro.com.sg,sg
gebiz.gov.sg,sg
cleaninghero.sg,sg
mycareersfuture.sg,sg
bigo.sg,sg
childrensociety.org.sg,sg
ibf.org.sg,sg
mypaper.sg,sg
piccadillygrand-condo.com.sg,sg
cdgtaxi.com.sg,sg
pinkdot.sg,sg
itsolution.com.sg,sg
specialist.com.sg,sg
pap.com.sg,sg
dash.com.sg,sg
elife.sg,sg
sec.org.sg,sg
ncs.com.sg,sg
ducktours.com.sg,sg
mcc.com.sg,sg
wshc.sg,sg
cathaycineplexes.com.sg,sg
cpgcorp.com.sg,sg
etiqa.com.sg,sg
charities.gov.sg,sg
pools.sg,sg
pool.com.sg,sg
aztech.com.sg,sg
phillip.com.sg,sg
comfortfurniture.com.sg,sg
sbsgroup.com.sg,sg
grain.com.sg,sg
wifi.com.sg,sg
gia.org.sg,sg
ams.edu.sg,sg
hamburger.com.sg,sg
clarkequay.com.sg,sg
singaporesports.sg,sg
sunray.sg,sg
artweek.sg,sg
tamilmurasu.com.sg,sg
muslim.sg,sg
sgsme.sg,sg
duty.com.sg,sg
tiendeo.sg,sg
messenger.sg,sg
credit21.com.sg,sg
clarins.com.sg,sg
languagecouncils.sg,sg
viplikes.sg,sg
sipmm.edu.sg,sg
thenormantonpark.com.sg,sg
chemistryguru.com.sg,sg
ihis.com.sg,sg
covid.gov.sg,sg
sal.sg,sg
towardszerowaste.gov.sg,sg
yahoo.com.sg,sg
coastlineleisure.com.sg,sg
manulife.com.sg,sg
terrahillresidence.com.sg,sg
elephas.sg,sg
angel.com.sg,sg
lawgazette.com.sg,sg
cimbbank.com.sg,sg
wshexperts.com.sg,sg
ultraseagles.sg,sg
kinokuniya.com.sg,sg
amitysingapore.sg,sg
jdsports.com.sg,sg
ocbc.com.sg,sg
clickproperty.sg,sg
novita.com.sg,sg
rivercruise.com.sg,sg
population.gov.sg,sg
theblossoms.com.sg,sg
youngparents.com.sg,sg
sdc.com.sg,sg
singaporecruise.com.sg,sg
ies.org.sg,sg
vanillaluxury.sg,sg
frozenmeat.sg,sg
brf.com.sg,sg
life.gov.sg,sg
corppass.gov.sg,sg
disney.sg,sg
everestgold.sg,sg
silverbullion.com.sg,sg
winpro.com.sg,sg
britcham.org.sg,sg
christmaswonderland.sg,sg
floweradvisor.com.sg,sg
thebotanydairyfarm.com.sg,sg
archives.com.sg,sg
mytransport.sg,sg
saltandlight.sg,sg
certificate.com.sg,sg
sparkflow.com.sg,sg
statecourts.gov.sg,sg
digitalmarketingagency.sg,sg
sk.com.sg,sg
helpers.sg,sg
kinetic.com.sg,sg
nikon.com.sg,sg
chas.sg,sg
haze.gov.sg,sg
royalplaza.com.sg,sg
ali.sg,sg
thedunmangrand.com.sg,sg
nanny.sg,sg
ikea.com.sg,sg
hongteckhin.com.sg,sg
wihardja.com.sg,sg
quotes.sg,sg
ndp.org.sg,sg
chamber.sg,sg
instantloan.sg,sg
nuffnang.com.sg,sg
hitachi.com.sg,sg
newlaunchguru.sg,sg
soas.com.sg,sg
drivelah.sg,sg
angel.sg,sg
lottery.com.sg,sg
trovit.com.sg,sg
carplates.com.sg,sg
easb.edu.sg,sg
ri.edu.sg,sg
blackpaint.sg,sg
metro.com.sg,sg
teenage.com.sg,sg
mouser.sg,sg
storefriendly.com.sg,sg
rainorshineproperty.com.sg,sg
ethosbooks.com.sg,sg
downtowneast.com.sg,sg
clubmed.com.sg,sg
laupasat.sg,sg
rentinsingapore.com.sg,sg
cleaner.sg,sg
experian.com.sg,sg
paragon.com.sg,sg
resumewriter.sg,sg
nss.org.sg,sg
moseng.com.sg,sg
alliancefrancaise.org.sg,sg
greatworld.com.sg,sg
valueteam.com.sg,sg
primeaceslimousine.sg,sg
alibabaprinting.sg,sg
pacificprime.sg,sg
cleo.com.sg,sg
healthxchange.com.sg,sg
catholic.sg,sg
daikin.com.sg,sg
wda.gov.sg,sg
electrolux.com.sg,sg
macarons.sg,sg
director.sg,sg
cellini.com.sg,sg
crocs.com.sg,sg
eld.gov.sg,sg
cafehopping.sg,sg
sweep.sg,sg
donate.sg,sg
lendingbee.com.sg,sg
vaestheticsclinic.com.sg,sg
ses.com.sg,sg
expatinsurance.com.sg,sg
riversafari.com.sg,sg
help.sg,sg
kingscandy.com.sg,sg
wtstravel.com.sg,sg
cleaner.com.sg,sg
giftmarket.com.sg,sg
stb.com.sg,sg
bedandbasics.sg,sg
gambling.com.sg,sg
sicc.com.sg,sg
luceaircon.sg,sg
dumex.com.sg,sg
mendaki.org.sg,sg
tallship.com.sg,sg
savills.com.sg,sg
paulaschoice.sg,sg
tohclan.org.sg,sg
vodka.sg,sg
eight.sg,sg
stuartwright.com.sg,sg
freshdebeau.com.sg,sg
self-storage.sg,sg
harrys.com.sg,sg
meowprint.sg,sg
thelandmarks.com.sg,sg
airport.com.sg,sg
jaan.com.sg,sg
fujixerox.com.sg,sg
hawparvilla.sg,sg
mercedes-benz.com.sg,sg
hotel81.com.sg,sg
cpe.gov.sg,sg
hitecmobile.com.sg,sg
safeentry.gov.sg,sg
mrr.com.sg,sg
holding.com.sg,sg
carplate.sg,sg
rewardz.sg,sg
bugiscredit.sg,sg
samhealth.org.sg,sg
youth.sg,sg
albirex.com.sg,sg
archive.sg,sg
timberland.com.sg,sg
cbre.com.sg,sg
grill.com.sg,sg
mse.gov.sg,sg
parkwaysuites.com.sg,sg
hausreno.sg,sg
selectbooks.com.sg,sg
expert.com.sg,sg
underwaterworld.com.sg,sg
englishexplorer.com.sg,sg
groupon.sg,sg
chocolate.sg,sg
livenation.sg,sg
fendi.com.sg,sg
expressprint.com.sg,sg
7-eleven.com.sg,sg
cdc.com.sg,sg
obizmax.com.sg,sg
chc.org.sg,sg
cartier.sg,sg
publicholidays.sg,sg
snowcity.com.sg,sg
coffeebean.com.sg,sg
salvationarmy.org.sg,sg
sparkshealth.sg,sg
roomies.sg,sg
topway.com.sg,sg
erci.edu.sg,sg
millenniumhotels.com.sg,sg
archive.com.sg,sg
singaporecitizenship.com.sg,sg
link.sg,sg
fool.sg,sg
gess.sg,sg
schoolofconcepts.sg,sg
sindoferry.com.sg,sg
smartwealth.sg,sg
betting.sg,sg
giftcard.com.sg,sg
singaporelaw.sg,sg
levi.com.sg,sg
theleedongreen.com.sg,sg
the-royalgreen.sg,sg
hydroflux.com.sg,sg
era.com.sg,sg
michelin.sg,sg
multimedia.sg,sg
rpsonline.com.sg,sg
compex.com.sg,sg
sgclean.gov.sg,sg
helpling.com.sg,sg
burger.sg,sg
limited.com.sg,sg
tokyofootball.sg,sg
skywatches.com.sg,sg
marinasquare.com.sg,sg
space.sg,sg
kohepets.com.sg,sg
srt.com.sg,sg
letter.sg,sg
mtalvernia.sg,sg
incontact.com.sg,sg
litemobile.com.sg,sg
royalsgreen.com.sg,sg
ial.edu.sg,sg
toastbox.com.sg,sg
mid-town-modern.sg,sg
stclassifieds.sg,sg
marketlight.com.sg,sg
robertwalters.com.sg,sg
carconsignment.com.sg,sg
peranakanmuseum.org.sg,sg
martinlee.sg,sg
standardchartered.com.sg,sg
inara.sg,sg
continental-delight.com.sg,sg
vimoservices.sg,sg
thefurnituremall.com.sg,sg
cottoncare.com.sg,sg
smartparents.sg,sg
plus.com.sg,sg
aventis.edu.sg,sg
